"Symbol","Description","Universe"
"A","Agilent Technologies Inc","Domestic"
"AA","Alcoa Corp","Domestic"
"AACH","AAC Holdings Inc","Domestic"
"AACS","American Commerce Solutions Inc","Domestic"
"AAGC","All American Gold Corp","Domestic"
"AAGH","America Great Health","Domestic"
"AAIIQ","Alabama Aircraft Industries Inc","Domestic"
"AAL","American Airlines Group Inc","Domestic"
"AAMC","Altisource Asset Management Corp","Domestic"
"AAME","Atlantic American Corp","Domestic"
"AAMTF","Armada Mercantile Ltd","Domestic"
"AAN","Aaron's Inc","Domestic"
"AAOI","Applied Optoelectronics Inc","Domestic"
"AAON","Aaon Inc","Domestic"
"AAP","Advance Auto Parts Inc","Domestic"
"AAPJ","AAP Inc","Domestic"
"AAPL","Apple Inc","Domestic"
"AAPT","All American Pet Co Inc","Domestic"
"AASP","All-American Sportpark Inc","Domestic"
"AAT","American Assets Trust Inc","Domestic"
"AATV","Adaptive Ad Systems Inc","Domestic"
"AAWC","Alexandria Advantage Warranty Co","Domestic"
"AAWW","Atlas Air Worldwide Holdings Inc","Domestic"
"AAXN","Axon Enterprise Inc","Domestic"
"AB","AllianceBernstein Holding LP","Domestic"
"ABBB","Auburn Bancorp Inc","Domestic"
"ABBV","Abbvie Inc","Domestic"
"ABBY","Abby Inc","Domestic"
"ABC","AmerisourceBergen Corp","Domestic"
"ABCB","Ameris Bancorp","Domestic"
"ABCP","AmBase Corp","Domestic"
"ABDR","Ambassador Food Services Corp","Domestic"
"ABEO","Abeona Therapeutics Inc","Domestic"
"ABG","Asbury Automotive Group Inc","Domestic"
"ABIO","ARCA Biopharma Inc","Domestic"
"ABLE","Able Energy Inc","Domestic"
"ABLT","American Biltrite Inc","Domestic"
"ABM","ABM Industries Inc","Domestic"
"ABMC","American Bio Medica Corp","Domestic"
"ABMD","ABIOMED Inc","Domestic"
"ABML","American Battery Metals Corp","Domestic"
"ABMT","Advanced Biomedical Technologies Inc","Domestic"
"ABR","Arbor Realty Trust Inc","Domestic"
"ABT","Abbott Laboratories","Domestic"
"ABTI","Alterola Biotech Inc","Domestic"
"ABTX","Allegiance Bancshares Inc","Domestic"
"ABUS","Arbutus Biopharma Corp","Domestic"
"ABVC","American Brivision (Holding) Corp","Domestic"
"ABWN","Airborne Wireless Network","Domestic"
"AC","Associated Capital Group Inc","Domestic"
"ACA","Arcosa Inc","Domestic"
"ACAD","ACADIA Pharmaceuticals Inc","Domestic"
"ACAN","Americann Inc","Domestic"
"ACBCQ","Albina Community Bancorp","Domestic"
"ACBD","Annabidiol Corp","Domestic"
"ACBI","Atlantic Capital Bancshares Inc","Domestic"
"ACBM","ACRO Biomedical Co Ltd","Domestic"
"ACC","American Campus Communities Inc","Domestic"
"ACCA","Acacia Diversified Holdings Inc","Domestic"
"ACCO","ACCO Brands Corp","Domestic"
"ACCR","Access-Power & Co Inc","Domestic"
"ACER","Acer Therapeutics Inc","Domestic"
"ACFL","AMC Financial Holdings Inc","Domestic"
"ACFN","Acorn Energy Inc","Domestic"
"ACGI","Amacore Group Inc","Domestic"
"ACGJ","ACI Global Corp","Domestic"
"ACGL","Arch Capital Group Ltd","Domestic"
"ACGX","Alliance Creative Group Inc","Domestic"
"ACHC","Acadia Healthcare Company Inc","Domestic"
"ACIA","Acacia Communications Inc","Domestic"
"ACIW","ACI Worldwide Inc","Domestic"
"ACLS","Axcelis Technologies Inc","Domestic"
"ACM","AECOM","Domestic"
"ACMB","Agro Capital Management Corp","Domestic"
"ACMR","ACM Research Inc","Domestic"
"ACMT","ACMAT Corp","Domestic"
"ACMTA","ACMAT Corp","Domestic"
"ACN","Accenture PLC","Domestic"
"ACNB","ACNB Corp","Domestic"
"ACNI","American Community Newspapers Inc","Domestic"
"ACOR","Acorda Therapeutics Inc","Domestic"
"ACRE","Ares Commercial Real Estate Corp","Domestic"
"ACRGF","Acreage Holdings Inc","Domestic"
"ACRS","Aclaris Therapeutics Inc","Domestic"
"ACRX","AcelRx Pharmaceuticals Inc","Domestic"
"ACTG","Acacia Research Corp","Domestic"
"ACTL","Artec Global Media Inc","Domestic"
"ACU","Acme United Corp","Domestic"
"ACUR","Acura Pharmaceuticals Inc","Domestic"
"ACUS","Acusphere Inc","Domestic"
"ACY","AeroCentury Corp","Domestic"
"ADAC","Adama Technologies Corp","Domestic"
"ADBE","Adobe Inc","Domestic"
"ADBN","Americana Distribution Inc","Domestic"
"ADC","Agree Realty Corp","Domestic"
"ADDC","Addmaster Corp","Domestic"
"ADEC","Alternative Energy Development Corp","Domestic"
"ADES","Advanced Emissions Solutions Inc","Domestic"
"ADFS","American Defense Systems Inc","Domestic"
"ADFT","ADFITECH Inc","Domestic"
"ADGL","AllDigital Holdings Inc","Domestic"
"ADGO","Advantego Corporation","Domestic"
"ADHC","American Diversified Holdings Corp","Domestic"
"ADI","Analog Devices Inc","Domestic"
"ADIA","Adia Nutrition Inc","Domestic"
"ADIL","Adial Pharmaceuticals Inc","Domestic"
"ADKT","Adirondack Trust Co","Domestic"
"ADLI","American Medical Technologies Inc","Domestic"
"ADM","Archer Daniels Midland Co","Domestic"
"ADMA","ADMA Biologics Inc","Domestic"
"ADMP","Adamis Pharmaceuticals Corp","Domestic"
"ADMS","Adamas Pharmaceuticals Inc","Domestic"
"ADMT","ADM Tronics Unlimited Inc","Domestic"
"ADNT","Adient PLC","Domestic"
"ADNY","Adino Energy Corp","Domestic"
"ADOM","Adomani Inc","Domestic"
"ADP","Automatic Data Processing Inc","Domestic"
"ADPAJ","Adelphia Recovery Trust","Domestic"
"ADPAS","Adelphia Recovery Trust","Domestic"
"ADPT","Adaptive Biotechnologies Corp","Domestic"
"ADRO","Aduro Biotech Inc","Domestic"
"ADS","Alliance Data Systems Corp","Domestic"
"ADSK","Autodesk Inc","Domestic"
"ADSV","Allied Security Innovations Inc","Domestic"
"ADSW","Advanced Disposal Services Inc","Domestic"
"ADT","ADT Inc","Domestic"
"ADTC","Great Tahou Holdings Ltd","Domestic"
"ADTN","ADTRAN Inc","Domestic"
"ADTR","Alliance Media Holdings Inc","Domestic"
"ADUS","Addus Homecare Corp","Domestic"
"ADVC","Advant-e Corp","Domestic"
"ADVM","Adverum Biotechnologies Inc","Domestic"
"ADVT","Advantis Corp","Domestic"
"ADXS","Advaxis Inc","Domestic"
"ADYX","Adynxx Inc","Domestic"
"AE","Adams Resources & Energy Inc","Domestic"
"AEDC","American Energy Development Corp","Domestic"
"AEE","Ameren Corp","Domestic"
"AEEI","American Environmental Energy Inc","Domestic"
"AEGG","American Energy Group Ltd","Domestic"
"AEGN","Aegion Corp","Domestic"
"AEHR","Aehr Test Systems","Domestic"
"AEIS","Advanced Energy Industries Inc","Domestic"
"AEL","American Equity Investment Life Holding Co","Domestic"
"AEMD","Aethlon Medical Inc","Domestic"
"AENG","Advanced Engine Technologies Inc","Domestic"
"AEO","American Eagle Outfitters Inc","Domestic"
"AEP","American Electric Power Company Inc","Domestic"
"AERG","Applied Energetics Inc","Domestic"
"AERI","Aerie Pharmaceuticals Inc","Domestic"
"AERN","AER Energy Resources Inc","Domestic"
"AERO","AeroGrow International Inc","Domestic"
"AES","AES Corp","Domestic"
"AESE","Allied Esports Entertainment Inc","Domestic"
"AEXE","AIM Energy Inc","Domestic"
"AEY","ADDvantage Technologies Group Inc","Domestic"
"AEYE","AudioEye Inc","Domestic"
"AEZS","Aeterna Zentaris Inc","Domestic"
"AFAP","AFA Protective Systems Inc","Domestic"
"AFCL","Amcor Financial Corp","Domestic"
"AFFN","Satelinx International Inc","Domestic"
"AFFU","Affluence Corp","Domestic"
"AFFY","Affymax Inc","Domestic"
"AFG","American Financial Group Inc","Domestic"
"AFH","Atlas Financial Holdings Inc","Domestic"
"AFI","Armstrong Flooring Inc","Domestic"
"AFIN","American Finance Trust Inc","Domestic"
"AFL","Aflac Inc","Domestic"
"AFPW","Alumifuel Power Corp","Domestic"
"AFTC","Alternative Fuel Technologies Inc","Domestic"
"AFTM","Aftermaster Inc","Domestic"
"AGCO","AGCO Corp","Domestic"
"AGCZ","Andes Gold Corp","Domestic"
"AGDY","Agri-Dynamics Inc","Domestic"
"AGE","AgeX Therapeutics Inc","Domestic"
"AGEN","Agenus Inc","Domestic"
"AGFS","AgroFresh Solutions Inc","Domestic"
"AGHC","Aeon Global Health Corp","Domestic"
"AGIN","American Graphite Technologies Inc","Domestic"
"AGIO","Agios Pharmaceuticals Inc","Domestic"
"AGLE","Aeglea Bio Therapeutics Inc","Domestic"
"AGM","Federal Agricultural Mortgage Corp","Domestic"
"AGM/A","Federal Agricultural Mortgage Corp","Domestic"
"AGNC","AGNC Investment Corp","Domestic"
"AGO","Assured Guaranty Ltd","Domestic"
"AGR","Avangrid Inc","Domestic"
"AGRX","Agile Therapeutics Inc","Domestic"
"AGS","PlayAGS Inc","Domestic"
"AGSO","AgriSolar Solutions Inc","Domestic"
"AGTC","Applied Genetic Technologies Corp","Domestic"
"AGTK","Agritek Holdings Inc","Domestic"
"AGTT","Angstrom Technologies Inc","Domestic"
"AGX","Argan Inc","Domestic"
"AGYS","Agilysys Inc","Domestic"
"AHAG","Alpha Technologies Group Inc","Domestic"
"AHC","A. H. Belo Corp","Domestic"
"AHCO","Adapthealth Corp","Domestic"
"AHCOW","Adapthealth Corp","Domestic"
"AHCP","Anchorage International Holdings Corp","Domestic"
"AHFD","Active Health Foods Inc","Domestic"
"AHFI","Absolute Health and Fitness Inc","Domestic"
"AHH","Armada Hoffler Properties Inc","Domestic"
"AHII","Fyolo Technology Corp","Domestic"
"AHIX","ALUF Holdings Inc","Domestic"
"AHPI","Allied Healthcare Products Inc","Domestic"
"AHROQ","AtheroNova Inc","Domestic"
"AHT","Ashford Hospitality Trust Inc","Domestic"
"AI","Arlington Asset Investment Corp","Domestic"
"AIFS","Agent Information Software Inc","Domestic"
"AIG","American International Group Inc","Domestic"
"AIG/WS","American International Group Inc","Domestic"
"AIGI","Axia International Group Inc","Domestic"
"AIKI","Aikido Pharma Inc","Domestic"
"AIKO","Alternative Investment Corp","Domestic"
"AIM","AIM ImmunoTech Inc","Domestic"
"AIMC","Altra Industrial Motion Corp","Domestic"
"AIMT","Aimmune Therapeutics Inc","Domestic"
"AIN","Albany International Corp","Domestic"
"AINC","Ashford Inc","Domestic"
"AINV","Apollo Investment Corp","Domestic"
"AIR","AAR Corp","Domestic"
"AIRG","Airgain Inc","Domestic"
"AIRI","Air Industries Group","Domestic"
"AIRO","Airspan Networks Inc","Domestic"
"AIRT","Air T Inc","Domestic"
"AIT","Applied Industrial Technologies Inc","Domestic"
"AIV","Apartment Investment and Management Co","Domestic"
"AIVN","American International Ventures Inc","Domestic"
"AIZ","Assurant Inc","Domestic"
"AJG","Arthur J Gallagher & Co","Domestic"
"AJRD","Aerojet Rocketdyne Holdings Inc","Domestic"
"AJX","Great Ajax Corp","Domestic"
"AJXA","Great Ajax Corp","Domestic"
"AJXGF","Agjunction Inc","Domestic"
"AKAM","Akamai Technologies Inc","Domestic"
"AKAOQ","Achaogen Inc","Domestic"
"AKBA","Akebia Therapeutics Inc","Domestic"
"AKCA","Akcea Therapeutics Inc","Domestic"
"AKER","Akers Biosciences Inc","Domestic"
"AKOM","Aerkomm Inc","Domestic"
"AKR","Acadia Realty Trust","Domestic"
"AKRO","Akero Therapeutics Inc","Domestic"
"AKRX","Akorn Inc","Domestic"
"AKSY","Aksys Ltd","Domestic"
"AKTS","Akoustis Technologies Inc","Domestic"
"AKVA","Arkanova Energy Corp","Domestic"
"AL","Air Lease Corp","Domestic"
"ALAN","Alanco Technologies Inc","Domestic"
"ALB","Albemarle Corp","Domestic"
"ALBO","Albireo Pharma Inc","Domestic"
"ALBY","Community Capital Bancshares Inc","Domestic"
"ALCO","Alico Inc","Domestic"
"ALDX","Aldeyra Therapeutics Inc","Domestic"
"ALE","ALLETE Inc","Domestic"
"ALEC","Alector Inc","Domestic"
"ALEX","Alexander & Baldwin Inc","Domestic"
"ALG","Alamo Group Inc","Domestic"
"ALGN","Align Technology Inc","Domestic"
"ALGT","Allegiant Travel Co","Domestic"
"ALIAF","Alacer Gold Corp","Domestic"
"ALID","Allied Corp","Domestic"
"ALIM","Alimera Sciences Inc","Domestic"
"ALJJ","ALJ Regional Holdings Inc","Domestic"
"ALK","Alaska Air Group Inc","Domestic"
"ALKM","Alkame Holdings Inc","Domestic"
"ALKN","Alkane Inc","Domestic"
"ALKS","Alkermes Plc","Domestic"
"ALL","Allstate Corp","Domestic"
"ALLE","Allegion PLC","Domestic"
"ALLK","Allakos Inc","Domestic"
"ALLM","Alliance Bioenergy Plus Inc","Domestic"
"ALLN","Allin Corp","Domestic"
"ALLO","Allogene Therapeutics Inc","Domestic"
"ALLQ","All-Q-Tell Corp","Domestic"
"ALLY","Ally Financial Inc","Domestic"
"ALMC","Alimco Financial Corp","Domestic"
"ALME","Alamo Energy Corp","Domestic"
"ALNA","Allena Pharmaceuticals Inc","Domestic"
"ALNY","Alnylam Pharmaceuticals Inc","Domestic"
"ALOD","Allied Resources Inc","Domestic"
"ALOT","AstroNova Inc","Domestic"
"ALPE","Alpha-En Corp","Domestic"
"ALPIB","Alpine Banks of Colorado","Domestic"
"ALPN","Alpine Immune Sciences Inc","Domestic"
"ALPP","Alpine 4 Technologies Ltd","Domestic"
"ALRM","Alarm.com Holdings Inc","Domestic"
"ALRN","Aileron Therapeutics Inc","Domestic"
"ALRS","Alerus Financial Corp","Domestic"
"ALRT","ALR Technologies Inc","Domestic"
"ALSE","Alseres Pharmaceuticals Inc","Domestic"
"ALSI","Atlas Resources International Inc","Domestic"
"ALSK","Alaska Communications Systems Group Inc","Domestic"
"ALSN","Allison Transmission Holdings Inc","Domestic"
"ALT","Altimmune Inc","Domestic"
"ALTD","Altitude International Inc","Domestic"
"ALTG","Alta Equipment Group Inc","Domestic"
"ALTG/WS","Alta Equipment Group Inc","Domestic"
"ALTM","Altus Midstream Co","Domestic"
"ALTMW","Altus Midstream Co","Domestic"
"ALTN","Alternus Energy Inc","Domestic"
"ALTR","Altair Engineering Inc","Domestic"
"ALTX","Altex Industries Inc","Domestic"
"ALX","Alexander's Inc","Domestic"
"ALXN","Alexion Pharmaceuticals Inc","Domestic"
"ALYE","Aly Energy Services Inc","Domestic"
"ALYI","Alternet Systems Inc","Domestic"
"AM","Antero Midstream Corp","Domestic"
"AMAG","AMAG Pharmaceuticals Inc","Domestic"
"AMAL","Amalgamated Bank","Domestic"
"AMAR","Amarillo Biosciences Inc","Domestic"
"AMAT","Applied Materials Inc","Domestic"
"AMAZ","Amazing Energy Oil and Gas Co","Domestic"
"AMBA","Ambarella Inc","Domestic"
"AMBC","Ambac Financial Group Inc","Domestic"
"AMBC/WS","Ambac Financial Group Inc","Domestic"
"AMBD","American Mobile Dental Corp","Domestic"
"AMBK","American Bank Inc","Domestic"
"AMBS","Amarantus Bioscience Holdings Inc","Domestic"
"AMBZ","American Business Bank","Domestic"
"AMC","AMC Entertainment Holdings Inc","Domestic"
"AMCR","Amcor PLC","Domestic"
"AMCX","AMC Networks Inc","Domestic"
"AMD","Advanced Micro Devices Inc","Domestic"
"AME","AMETEK Inc","Domestic"
"AMED","Amedisys Inc","Domestic"
"AMEH","Apollo Medical Holdings Inc","Domestic"
"AMEN","AMEN Properties Inc","Domestic"
"AMFC","AMB Financial Corp","Domestic"
"AMFL","American Films Inc","Domestic"
"AMG","Affiliated Managers Group Inc","Domestic"
"AMGN","Amgen Inc","Domestic"
"AMGY","American Metal & Technology Inc","Domestic"
"AMH","American Homes 4 Rent","Domestic"
"AMHV","American Hemp Ventures Inc","Domestic"
"AMIN","American International Industries Inc","Domestic"
"AMK","AssetMark Financial Holdings Inc","Domestic"
"AMKR","Amkor Technology Inc","Domestic"
"AMLC","Amelco Corp","Domestic"
"AMLH","American Leisure Holdings Inc","Domestic"
"AMLM","American Lithium Minerals Inc","Domestic"
"AMMJ","American Cannabis Company Inc","Domestic"
"AMMX","AmeraMex International Inc","Domestic"
"AMN","AMN Healthcare Services Inc","Domestic"
"AMNB","American National Bankshares Inc","Domestic"
"AMNF","Armanino Foods Of Distinction Inc","Domestic"
"AMNL","Applied Minerals Inc","Domestic"
"AMNP","American Sierra Gold Corp","Domestic"
"AMOT","Allied Motion Technologies Inc","Domestic"
"AMP","Ameriprise Financial Inc","Domestic"
"AMPE","Ampio Pharmaceuticals Inc","Domestic"
"AMPH","Amphastar Pharmaceuticals Inc","Domestic"
"AMPY","Amplify Energy Corp","Domestic"
"AMRA","American Racing Capital Inc","Domestic"
"AMRB","American River Bankshares","Domestic"
"AMRC","Ameresco Inc","Domestic"
"AMRH","Ameri Holdings Inc","Domestic"
"AMRK","A-Mark Precious Metals Inc","Domestic"
"AMRQQ","Alta Mesa Resources Inc","Domestic"
"AMRS","Amyris Inc","Domestic"
"AMRT","American Mart Corp","Domestic"
"AMRX","Amneal Pharmaceuticals Inc","Domestic"
"AMS","American Shared Hospital Services","Domestic"
"AMSC","American Superconductor Corp","Domestic"
"AMSF","Amerisafe Inc","Domestic"
"AMSWA","American Software Inc","Domestic"
"AMT","American Tower Corp","Domestic"
"AMTA","Amistar Corp","Domestic"
"AMTB","Amerant Bancorp Inc","Domestic"
"AMTBB","Amerant Bancorp Inc","Domestic"
"AMTCQ","Ameritrans Capital Corp","Domestic"
"AMTD","TD Ameritrade Holding Corp","Domestic"
"AMTX","Aemetis Inc","Domestic"
"AMTY","Amerityre Corp","Domestic"
"AMWD","American Woodmark Corp","Domestic"
"AMWK","Ameristar Network Inc","Domestic"
"AMZN","Amazon.com Inc","Domestic"
"AN","AutoNation Inc","Domestic"
"ANAB","AnaptysBio Inc","Domestic"
"ANAS","Alternaturals Inc","Domestic"
"ANAT","American National Insurance Co","Domestic"
"ANAV","Alpha Network Alliance Ventures Inc","Domestic"
"ANCSQ","American Consumers Inc","Domestic"
"ANDE","Andersons Inc","Domestic"
"ANDR","Andrea Electronics Corp","Domestic"
"ANET","Arista Networks Inc","Domestic"
"ANF","Abercrombie & Fitch Co","Domestic"
"ANFC","Black Ridge Oil & Gas Inc","Domestic"
"ANGI","ANGI Homeservices Inc","Domestic"
"ANGO","AngioDynamics Inc","Domestic"
"ANH","Anworth Mortgage Asset Corp","Domestic"
"ANIK","Anika Therapeutics Inc","Domestic"
"ANIP","ANI Pharmaceuticals Inc","Domestic"
"ANIX","Anixa Biosciences Inc","Domestic"
"ANSS","ANSYS Inc","Domestic"
"ANTH","Anthera Pharmaceuticals Inc","Domestic"
"ANTM","Anthem Inc","Domestic"
"ANVH","Anviron Holding Co","Domestic"
"ANVS","Annovis Bio Inc","Domestic"
"AOBC","American Outdoor Brands Corp","Domestic"
"AOLS","Aeolus Pharmaceuticals Inc","Domestic"
"AOS","A. O. Smith Corp","Domestic"
"AOSL","Alpha and Omega Semiconductor Ltd","Domestic"
"AOXY","Advanced Oxygen Technologies Inc","Domestic"
"AP","Ampco-Pittsburgh Corp","Domestic"
"APA","Apache Corp","Domestic"
"APAM","Artisan Partners Asset Management Inc","Domestic"
"APCX","Apptech Corp","Domestic"
"APD","Air Products and Chemicals Inc","Domestic"
"APDN","Applied DNA Sciences Inc","Domestic"
"APEI","American Public Education Inc","Domestic"
"APEN","Apollo Endosurgery Inc","Domestic"
"APEX","Apex Global Brands Inc","Domestic"
"APGI","American Power Group Corp","Domestic"
"APH","Amphenol Corp","Domestic"
"APHE","Alpha Energy Inc","Domestic"
"APLD","Applied Science Products Inc","Domestic"
"APLE","Apple Hospitality REIT Inc","Domestic"
"APLS","Apellis Pharmaceuticals Inc","Domestic"
"APLT","Applied Therapeutics Inc","Domestic"
"APO","Apollo Global Management Inc","Domestic"
"APOG","Apogee Enterprises Inc","Domestic"
"APPB","Applied Biosciences Corp","Domestic"
"APPF","AppFolio Inc","Domestic"
"APPN","Appian Corp","Domestic"
"APPS","Digital Turbine Inc","Domestic"
"APPZ","Monster Arts Inc","Domestic"
"APRE","Aprea Therapeutics Inc","Domestic"
"APRN","Blue Apron Holdings Inc","Domestic"
"APTCF","Advanced Proteome Therapeutics Corporation","Domestic"
"APTL","Alaska Power & Telephone Co","Domestic"
"APTS","Preferred Apartment Communities Inc","Domestic"
"APTV","Aptiv PLC","Domestic"
"APTX","Aptinyx Inc","Domestic"
"APTY","APT Systems Inc","Domestic"
"APVO","Aptevo Therapeutics Inc","Domestic"
"APVS","Applied Visual Sciences Inc","Domestic"
"APY","Apergy Corp","Domestic"
"APYI","Aspyra Inc","Domestic"
"APYX","Apyx Medical Corp","Domestic"
"AQB","AquaBounty Technologies Inc","Domestic"
"AQFH","Aquesta Bank","Domestic"
"AQIS","Aquis Communications Group Inc","Domestic"
"AQMS","Aqua Metals Inc","Domestic"
"AQQSQ","American Spectrum Realty Inc","Domestic"
"AQSP","Acquired Sales Corp","Domestic"
"AQST","Aquestive Therapeutics Inc","Domestic"
"AQUA","Evoqua Water Technologies Corp","Domestic"
"AR","Antero Resources Corp","Domestic"
"ARA","American Renal Associates Holdings Inc","Domestic"
"ARAO","AuraSource Inc","Domestic"
"ARAV","Aravive Inc","Domestic"
"ARAY","Accuray Inc","Domestic"
"ARBI","Arbios Systems Inc","Domestic"
"ARBV","American Riviera Bank","Domestic"
"ARC","ARC Document Solutions Inc","Domestic"
"ARCB","ArcBest Corp","Domestic"
"ARCC","Ares Capital Corp","Domestic"
"ARCH","Arch Resources Inc","Domestic"
"ARCS","Arcis Resources Corp","Domestic"
"ARCT","Arcturus Therapeutics Holdings Inc","Domestic"
"ARCW","ARC Group Worldwide Inc","Domestic"
"ARD","Ardagh Group SA","Domestic"
"ARDMQ","Aradigm Corp","Domestic"
"ARDS","Aridis Pharmaceuticals Inc","Domestic"
"ARDWF","Captiva Verde Industries Ltd","Domestic"
"ARDX","Ardelyx Inc","Domestic"
"ARE","Alexandria Real Estate Equities Inc","Domestic"
"AREC","American Resources Corp","Domestic"
"ARES","Ares Management Corp","Domestic"
"ARET","Arete Industries Inc","Domestic"
"AREXQ","Approach Resources Inc","Domestic"
"ARGL","Argyle Security Inc","Domestic"
"ARGO","Argo Group International Holdings Ltd","Domestic"
"ARHH","Assure Holdings Corp","Domestic"
"ARHI","American Restaurant Holdings Inc","Domestic"
"ARHN","Archon Corp","Domestic"
"ARI","Apollo Commercial Real Estate Finance Inc","Domestic"
"ARINA","Arista Investors Corp","Domestic"
"ARKR","Ark Restaurants Corp","Domestic"
"ARL","American Realty Investors Inc","Domestic"
"ARLO","Arlo Technologies Inc","Domestic"
"ARLP","Alliance Resource Partners LP","Domestic"
"ARMK","Aramark","Domestic"
"ARMP","Armata Pharmaceuticals Inc","Domestic"
"ARNA","Arena Pharmaceuticals Inc","Domestic"
"ARNGF","Argonaut Gold Inc","Domestic"
"ARNI","Arno Therapeutics Inc","Domestic"
"AROC","Archrock Inc","Domestic"
"AROW","Arrow Financial Corp","Domestic"
"ARPO","Aerpio Pharmaceuticals Inc","Domestic"
"ARQT","Arcutis Biotherapeutics Inc","Domestic"
"ARR","ARMOUR Residential REIT Inc","Domestic"
"ARRT","Artisan Consumer Goods Inc","Domestic"
"ARSC","Bitcoin Crypto Currency Exchange Corp","Domestic"
"ARTD","Peer Media Technologies Inc","Domestic"
"ARTH","Arch Therapeutics Inc","Domestic"
"ARTL","Artelo Biosciences Inc","Domestic"
"ARTNA","Artesian Resources Corp","Domestic"
"ARTNB","Artesian Resources Corp","Domestic"
"ARTW","Art's Way Manufacturing Co Inc","Domestic"
"ARVN","Arvinas Inc","Domestic"
"ARW","Arrow Electronics Inc","Domestic"
"ARWD","Arrow Resources Development Inc","Domestic"
"ARWR","Arrowhead Pharmaceuticals Inc","Domestic"
"ARYC","Arrayit Corp","Domestic"
"ARYX","ARYx Therapeutics Inc","Domestic"
"ASA","ASA Gold and Precious Metals Limited","Domestic"
"ASB","Associated Banc-Corp","Domestic"
"ASB/PRC","Associated Banc-Corp","Domestic"
"ASC","Ardmore Shipping Corp","Domestic"
"ASCBQ","Ascendia Brands Inc","Domestic"
"ASCC","Dynamic Brands Inc","Domestic"
"ASDN","Astro Aerospace Ltd","Domestic"
"ASFI","Asta Funding Inc","Domestic"
"ASGN","ASGN Inc","Domestic"
"ASH","Ashland Global Holdings Inc.","Domestic"
"ASIX","AdvanSix Inc","Domestic"
"ASMB","Assembly Biosciences Inc","Domestic"
"ASNA","Ascena Retail Group Inc","Domestic"
"ASNB","Ekimas Corp","Domestic"
"ASPN","Aspen Aerogels Inc","Domestic"
"ASPR","Adsouth Partners Inc","Domestic"
"ASPS","Altisource Portfolio Solutions SA","Domestic"
"ASPT","Aladdin Separation Technologies Inc","Domestic"
"ASPU","Aspen Group Inc","Domestic"
"ASPW","Arista Power Inc","Domestic"
"ASPZ","Asia Properties Inc","Domestic"
"ASRT","Assertio Therapeutics Inc","Domestic"
"ASRV","Ameriserv Financial Inc","Domestic"
"ASTC","Astrotech Corp","Domestic"
"ASTE","Astec Industries Inc","Domestic"
"ASTI","Ascent Solar Technologies Inc","Domestic"
"ASTO","Astro Communications Inc","Domestic"
"ASUR","Asure Software Inc","Domestic"
"ASYS","Amtech Systems Inc","Domestic"
"ASZP","JV Group Inc","Domestic"
"AT","Atlantic Power Corp","Domestic"
"ATAR","Monstero Holdings Corp","Domestic"
"ATAX","America First Multifamily Investors LP","Domestic"
"ATCD","Altair Corp","Domestic"
"ATCN","Atec Inc","Domestic"
"ATCV","ATC Venture Group Inc","Domestic"
"ATDS","Data443 Risk Mitigation Inc","Domestic"
"ATEC","Alphatec Holdings Inc","Domestic"
"ATEN","A10 Networks Inc","Domestic"
"ATEX","Anterix Inc","Domestic"
"ATGE","Adtalem Global Education Inc","Domestic"
"ATGN","Altigen Communications Inc","Domestic"
"ATH","Athene Holding Ltd","Domestic"
"ATHI","American Transportation Holdings Inc","Domestic"
"ATHX","Athersys Inc","Domestic"
"ATI","Allegheny Technologies Inc","Domestic"
"ATIW","ATI Networks Inc","Domestic"
"ATKR","Atkore International Group Inc","Domestic"
"ATLC","Atlanticus Holdings Corp","Domestic"
"ATLO","Ames National Corp","Domestic"
"ATLS","Atlas Energy Group LLC","Domestic"
"ATMO","Americatowne Holdings Inc","Domestic"
"ATMS","Artemis Therapeutics Inc","Domestic"
"ATNI","ATN International Inc","Domestic"
"ATNM","Actinium Pharmaceuticals Inc","Domestic"
"ATNP","Atlantis Technology Group","Domestic"
"ATNX","Athenex Inc","Domestic"
"ATO","Atmos Energy Corp","Domestic"
"ATOM","Atomera Inc","Domestic"
"ATOS","Atossa Therapeutics Inc","Domestic"
"ATPL","Atlantis Plastics Inc","Domestic"
"ATPT","All State Properties Holdings Inc","Domestic"
"ATR","Aptargroup Inc","Domestic"
"ATRA","Atara Biotherapeutics Inc","Domestic"
"ATRC","AtriCure Inc","Domestic"
"ATRI","Atrion Corp","Domestic"
"ATRO","Astronics Corp","Domestic"
"ATROB","Astronics Corp","Domestic"
"ATRS","Antares Pharma Inc","Domestic"
"ATRX","Adhera Therapeutics Inc","Domestic"
"ATSG","Air Transport Services Group Inc","Domestic"
"ATUS","Altice USA Inc","Domestic"
"ATVI","Activision Blizzard Inc","Domestic"
"ATVK","Ameritek Ventures","Domestic"
"ATWT","ATWEC Technologies Inc","Domestic"
"ATXI","Avenue Therapeutics Inc","Domestic"
"ATYG","Atlas Technology Group Inc","Domestic"
"AUB","Atlantic Union Bankshares Corp","Domestic"
"AUBN","Auburn National Bancorporation Inc","Domestic"
"AUMC","Auryn Mining Corp","Domestic"
"AUMN","Golden Minerals Co","Domestic"
"AURI","Auri Inc","Domestic"
"AUSAF","Australis Capital Inc","Domestic"
"AUSI","Aura Systems Inc","Domestic"
"AUTO","Autoweb Inc","Domestic"
"AVA","Avista Corp","Domestic"
"AVAV","AeroVironment Inc","Domestic"
"AVB","AvalonBay Communities Inc","Domestic"
"AVBH","Avidbank Holdings Inc","Domestic"
"AVCO","Avalon Globocare Corp","Domestic"
"AVCT","American Virtual Cloud Technologies Inc","Domestic"
"AVD","American Vanguard Corp","Domestic"
"AVEO","Aveo Pharmaceuticals Inc","Domestic"
"AVEW","AVEW Holdings Inc","Domestic"
"AVFP","Avis Financial Corp","Domestic"
"AVGO","Broadcom Inc","Domestic"
"AVGR","Avinger Inc","Domestic"
"AVID","Avid Technology Inc","Domestic"
"AVIX","Avix Technologies Inc","Domestic"
"AVLR","Avalara Inc","Domestic"
"AVNE","Aventura Equities Inc","Domestic"
"AVNS","Avanos Medical Inc","Domestic"
"AVNW","Aviat Networks Inc","Domestic"
"AVOA","Avoca LLC","Domestic"
"AVOI","Advanced Voice Recognition Systems Inc","Domestic"
"AVOT","American Video Teleconferencing Corp","Domestic"
"AVOZ","Nurish.Me Inc","Domestic"
"AVPI","AVP Inc","Domestic"
"AVRI","Averox Inc","Domestic"
"AVRO","AVROBIO Inc","Domestic"
"AVSR","Avistar Communications Corp","Domestic"
"AVT","Avnet Inc","Domestic"
"AVTI","Avitar Inc","Domestic"
"AVTR","Avantor Inc","Domestic"
"AVXL","Anavex Life Sciences Corp","Domestic"
"AVXT","AVAX Technologies Inc","Domestic"
"AVY","Avery Dennison Corp","Domestic"
"AVYA","Avaya Holdings Corp","Domestic"
"AWAW","White Fox Ventures Inc","Domestic"
"AWGI","Ambient Water Corp","Domestic"
"AWI","Armstrong World Industries Inc","Domestic"
"AWK","American Water Works Company Inc","Domestic"
"AWON","A1 Group Inc","Domestic"
"AWR","American States Water Co","Domestic"
"AWRE","Aware Inc","Domestic"
"AWRS","All World Resources Corp","Domestic"
"AWRY","Allegheny and Western Railway Co","Domestic"
"AWSL","Atlantic Wind & Solar Inc","Domestic"
"AWSM","Cool Holdings Inc","Domestic"
"AWWC","Access Worldwide Communications Inc","Domestic"
"AWX","Avalon Holdings Corp","Domestic"
"AX","Axos Financial Inc","Domestic"
"AXAS","Abraxas Petroleum Corp","Domestic"
"AXCG","Eyes on The Go Inc","Domestic"
"AXDX","Accelerate Diagnostics Inc","Domestic"
"AXE","Anixter International Inc","Domestic"
"AXGC","Axis Energy Corp","Domestic"
"AXGN","AxoGen Inc","Domestic"
"AXIM","Axim Biotechnologies Inc","Domestic"
"AXL","American Axle & Manufacturing Holdings Inc","Domestic"
"AXLA","Axcella Health Inc","Domestic"
"AXLE","TJT Inc","Domestic"
"AXMA","Axiom Management Inc","Domestic"
"AXMP","Aaron Sparks Industries Inc","Domestic"
"AXNX","Axonics Modulation Technologies Inc","Domestic"
"AXP","American Express Co","Domestic"
"AXPLF","Arabella Exploration Inc","Domestic"
"AXPT","Axis Petroleum Co","Domestic"
"AXPWQ","Axion Power International Inc","Domestic"
"AXR","AMREP Corp","Domestic"
"AXRX","Amexdrug Corp","Domestic"
"AXS","AXIS Capital Holdings Ltd","Domestic"
"AXSM","Axsome Therapeutics Inc","Domestic"
"AXTA","Axalta Coating Systems Ltd","Domestic"
"AXTC","Axtive Corp","Domestic"
"AXTG","Axis Technologies Group Inc","Domestic"
"AXTI","AXT Inc","Domestic"
"AYI","Acuity Brands Inc","Domestic"
"AYRSF","AYR Strategies Inc","Domestic"
"AYTU","Aytu BioScience Inc","Domestic"
"AYX","Alteryx Inc","Domestic"
"AZDDQ","Azure Dynamics Corp","Domestic"
"AZGSQ","Aztec Oil & Gas Inc","Domestic"
"AZIL","Aziel Corp","Domestic"
"AZO","Autozone Inc","Domestic"
"AZPN","Aspen Technology Inc","Domestic"
"AZRH","Azure Holding Group Corp","Domestic"
"AZRX","AzurRx BioPharma Inc","Domestic"
"AZZ","AZZ Inc","Domestic"
"B","Barnes Group Inc","Domestic"
"BA","Boeing Co","Domestic"
"BAC","Bank of America Corp","Domestic"
"BAFI","Bancaffiliated Inc","Domestic"
"BAH","Booz Allen Hamilton Holding Corp","Domestic"
"BANC","Banc of California Inc","Domestic"
"BAND","Bandwidth Inc","Domestic"
"BANF","BancFirst Corp","Domestic"
"BANI","Banneker Inc","Domestic"
"BANR","Banner Corp","Domestic"
"BANT","Bantec Inc","Domestic"
"BANX","StoneCastle Financial Corp","Domestic"
"BAOB","Baraboo Bancorporation Inc","Domestic"
"BARK","Bank of Akron","Domestic"
"BASA","Basanite Inc","Domestic"
"BASI","Bioanalytical Systems Inc","Domestic"
"BASX","Basic Energy Services Inc","Domestic"
"BATL","Battalion Oil Corp","Domestic"
"BATRA","Liberty Media Corp","Domestic"
"BATRB","Liberty Media Corp","Domestic"
"BATRK","Liberty Media Corp","Domestic"
"BAX","Baxter International Inc","Domestic"
"BAYK","Bay Banks of Virginia Inc","Domestic"
"BAYN","Bay National Corp","Domestic"
"BBAL","New York Health Care Inc","Domestic"
"BBBK","Baker Boyer Bancorp","Domestic"
"BBBY","Bed Bath & Beyond Inc","Domestic"
"BBCP","Brundage-Bone Concrete Pumping Holdings Inc","Domestic"
"BBDA","Bebida Beverage Co","Domestic"
"BBDC","Barings BDC Inc","Domestic"
"BBGI","Beasley Broadcast Group Inc","Domestic"
"BBGP","Bridgegate Pictures Corp","Domestic"
"BBI","Brickell Biotech Inc","Domestic"
"BBIO","BridgeBio Pharma Inc","Domestic"
"BBLG","Bone Biologics Corp","Domestic"
"BBQ","BBQ Holdings Inc","Domestic"
"BBSI","Barrett Business Services Inc","Domestic"
"BBUCQ","Michigan Brewery Inc","Domestic"
"BBW","Build-A-Bear Workshop Inc","Domestic"
"BBX","BBX Capital Corp","Domestic"
"BBXTB","BBX Capital Corp","Domestic"
"BBY","Best Buy Co Inc","Domestic"
"BC","Brunswick Corp","Domestic"
"BCAL","Bank of Southern California NA","Domestic"
"BCAP","Baron Capital Enterprise Inc","Domestic"
"BCBF","Beach Community Bancshares Inc","Domestic"
"BCBP","BCB Bancorp Inc","Domestic"
"BCC","Boise Cascade Co","Domestic"
"BCCI","Baristas Coffee Company Inc","Domestic"
"BCDA","BioCardia Inc","Domestic"
"BCDS","Blaqclouds Inc","Domestic"
"BCEI","Bonanza Creek Energy Inc","Domestic"
"BCEL","Atreca Inc","Domestic"
"BCII","Blockchain Industries Inc","Domestic"
"BCLI","Brainstorm Cell Therapeutics Inc","Domestic"
"BCML","BayCom Corp","Domestic"
"BCO","Brinks Co","Domestic"
"BCOR","Blucora Inc","Domestic"
"BCOV","Brightcove Inc","Domestic"
"BCOW","1895 Bancorp of Wisconsin Inc","Domestic"
"BCPC","Balchem Corp","Domestic"
"BCRX","BioCryst Pharmaceuticals Inc","Domestic"
"BCSF","Bain Capital Specialty Finance Inc","Domestic"
"BCSO","Bancorp of Southern Indiana","Domestic"
"BCTF","Bancorp 34 Inc","Domestic"
"BDC","Belden Inc","Domestic"
"BDCO","Blue Dolphin Energy Co","Domestic"
"BDGE","Bridge Bancorp Inc","Domestic"
"BDGR","Black Dragon Resource Companies Inc","Domestic"
"BDGY","Bridgeway National Corp.","Domestic"
"BDL","Flanigan's Enterprises Inc","Domestic"
"BDN","Brandywine Realty Trust","Domestic"
"BDR","Blonder Tongue Laboratories Inc","Domestic"
"BDSI","BioDelivery Sciences International Inc","Domestic"
"BDTX","Black Diamond Therapeutics Inc","Domestic"
"BDVB","Bagger Dave's Burger Tavern Inc","Domestic"
"BDX","Becton Dickinson and Co","Domestic"
"BDYS","Bodyscan Corp","Domestic"
"BE","Bloom Energy Corp","Domestic"
"BEAM","Beam Therapeutics Inc","Domestic"
"BEAT","BioTelemetry Inc","Domestic"
"BEBE","bebe stores inc","Domestic"
"BECN","Beacon Roofing Supply Inc","Domestic"
"BEEN","Better Environment Concepts Inc","Domestic"
"BEES","BeesFree Inc","Domestic"
"BEGI","Blackstar Enterprise Group Inc","Domestic"
"BELFA","Bel Fuse Inc","Domestic"
"BELFB","Bel Fuse Inc","Domestic"
"BELR","Deep Blue Inc","Domestic"
"BEN","Franklin Resources Inc","Domestic"
"BEOB","BEO Bancorp","Domestic"
"BERK","Berkshire Bancorp Inc","Domestic"
"BERY","Berry Global Group Inc","Domestic"
"BF/A","Brown-Forman Corp","Domestic"
"BF/B","Brown-Forman Corp","Domestic"
"BFAM","Bright Horizons Family Solutions Inc","Domestic"
"BFC","Bank First Corp","Domestic"
"BFCH","BitFrontier Capital Holdings Inc","Domestic"
"BFGC","Bullfrog Gold Corp","Domestic"
"BFHJ","Beneficial Holdings Inc","Domestic"
"BFIN","BankFinancial Corp","Domestic"
"BFRE","Bluefire Renewables Inc","Domestic"
"BFS","Saul Centers Inc","Domestic"
"BFST","Business First Bancshares Inc","Domestic"
"BFTI","Befut Global Inc","Domestic"
"BFYT","Benefytt Technologies Inc","Domestic"
"BG","Bunge Ltd","Domestic"
"BGCP","BGC Partners Inc","Domestic"
"BGFV","Big 5 Sporting Goods Corp","Domestic"
"BGG","Briggs & Stratton Corp","Domestic"
"BGII","BGI Inc","Domestic"
"BGMD","BG Medicine Inc","Domestic"
"BGRP","Bluestem Group Inc","Domestic"
"BGS","B&G Foods Inc","Domestic"
"BGSF","BG Staffing Inc","Domestic"
"BH","Biglari Holdings Inc","Domestic"
"BH/A","Biglari Holdings Inc","Domestic"
"BHB","Bar Harbor Bankshares","Domestic"
"BHBCQ","Beverly Hills Bancorp Inc","Domestic"
"BHE","Benchmark Electronics Inc","Domestic"
"BHF","Brighthouse Financial Inc","Domestic"
"BHLB","Berkshire Hills Bancorp Inc","Domestic"
"BHNGF","Bhang Inc","Domestic"
"BHPA","BHPA Inc","Domestic"
"BHR","Braemar Hotels & Resorts Inc","Domestic"
"BHRB","Burke & Herbert Bank & Trust Co","Domestic"
"BHTG","BioHiTech Global Inc","Domestic"
"BHVN","Biohaven Pharmaceutical Holding Company Ltd","Domestic"
"BHWB","Blackhawk Bancorp Inc","Domestic"
"BICB","Biocube Inc","Domestic"
"BICX","BioCorRx Inc","Domestic"
"BIEI","Premier Biomedical Inc","Domestic"
"BIG","Big Lots Inc","Domestic"
"BIIB","Biogen Inc","Domestic"
"BILL","Bill.com Holdings Inc","Domestic"
"BIO","Bio Rad Laboratories Inc","Domestic"
"BIO/B","Bio Rad Laboratories Inc","Domestic"
"BIOAF","biOasis Technologies Inc","Domestic"
"BIOC","Biocept Inc","Domestic"
"BIOL","BIOLASE Inc","Domestic"
"BIONQ","BioNitrogen Holdings Corp","Domestic"
"BIOQ","Bioqual Inc","Domestic"
"BIPH","Biophan Technologies Inc","Domestic"
"BISA","Baltic International USA Inc","Domestic"
"BIVI","Biovie Inc","Domestic"
"BIXT","Bioxytran Inc","Domestic"
"BJ","BJ's Wholesale Club Holdings Inc","Domestic"
"BJRI","BJ's Restaurants Inc","Domestic"
"BK","Bank of New York Mellon Corp","Domestic"
"BKCC","BlackRock Capital Investment Corp","Domestic"
"BKD","Brookdale Senior Living Inc","Domestic"
"BKE","Buckle Inc","Domestic"
"BKEP","Blueknight Energy Partners LP","Domestic"
"BKEPP","Blueknight Energy Partners LP","Domestic"
"BKFG","BKF Capital Group Inc","Domestic"
"BKGM","BankGuam Holding Co","Domestic"
"BKH","Black Hills Corp","Domestic"
"BKI","Black Knight Inc","Domestic"
"BKNG","Booking Holdings Inc","Domestic"
"BKOR","Oak Ridge Financial Services Inc","Domestic"
"BKR","Baker Hughes Co","Domestic"
"BKSC","Bank of South Carolina","Domestic"
"BKSD","Blueprint Technologies Inc","Domestic"
"BKTI","BK Technologies Corp","Domestic"
"BKU","BankUnited Inc","Domestic"
"BKUH","Bakhu Holdings Corp","Domestic"
"BKUT","Bank of Utica","Domestic"
"BKUTK","Bank of Utica","Domestic"
"BKYI","BIO-Key International Inc","Domestic"
"BL","Blackline Inc","Domestic"
"BLAB","Bio Lab Naturals Inc","Domestic"
"BLBD","Blue Bird Corp","Domestic"
"BLBX","Blackboxstocks Inc","Domestic"
"BLCK","Blackcraft Cult Inc","Domestic"
"BLCM","Bellicum Pharmaceuticals Inc","Domestic"
"BLD","TopBuild Corp","Domestic"
"BLDR","Builders FirstSource Inc","Domestic"
"BLFS","Biolife Solutions Inc","Domestic"
"BLGO","BioLargo Inc","Domestic"
"BLHI","Blue Holdings Inc","Domestic"
"BLHK","Blueharbor Bank","Domestic"
"BLIAQ","BB Liquidating Inc","Domestic"
"BLIBQ","BB Liquidating Inc","Domestic"
"BLIN","Bridgeline Digital Inc","Domestic"
"BLK","BlackRock Inc","Domestic"
"BLKB","Blackbaud Inc","Domestic"
"BLKG","Black Stallion Oil and Gas Inc","Domestic"
"BLL","Ball Corp","Domestic"
"BLLI","Bell Industries Inc","Domestic"
"BLMC","Biloxi Marsh Lands Corp","Domestic"
"BLMN","Bloomin' Brands Inc","Domestic"
"BLNK","Blink Charging Co","Domestic"
"BLPG","Blue Line Protection Group Inc","Domestic"
"BLPH","Bellerophon Therapeutics Inc","Domestic"
"BLSP","Blue Sphere Corp","Domestic"
"BLUE","bluebird bio Inc","Domestic"
"BLX","Banco Latinoamericano de Comercio Exterior SA","Domestic"
"BLXX","Blox Inc","Domestic"
"BMBN","Benchmark Bankshares Inc","Domestic"
"BMCH","BMC Stock Holdings Inc","Domestic"
"BMGP","Biomagnetics Diagnostics Corp","Domestic"
"BMI","Badger Meter Inc","Domestic"
"BMIN","Britannia Mining Inc","Domestic"
"BMNM","Bimini Capital Management Inc","Domestic"
"BMRA","Biomerica Inc","Domestic"
"BMRC","Bank of Marin Bancorp","Domestic"
"BMRN","Biomarin Pharmaceutical Inc","Domestic"
"BMTC","Bryn Mawr Bank Corp","Domestic"
"BMTM","Bright Mountain Media Inc","Domestic"
"BMXC","Bemax Inc","Domestic"
"BMY","Bristol-Myers Squibb Co","Domestic"
"BNCC","BNCCorp Inc","Domestic"
"BNCM","Bounce Mobile Systems Inc","Domestic"
"BNDT","Allegro Group Inc","Domestic"
"BNED","Barnes & Noble Education Inc","Domestic"
"BNET","Bion Environmental Technologies Inc","Domestic"
"BNFT","Benefitfocus Inc","Domestic"
"BNGI","Bangi Inc","Domestic"
"BNGO","Bionano Genomics Inc","Domestic"
"BNKPF","Bnk Petroleum Inc","Domestic"
"BNTC","Benitec Biopharma Inc","Domestic"
"BNXR","Brinx Resources Ltd","Domestic"
"BNYN","Banyan Corp","Domestic"
"BOCH","Bank of Commerce Holdings","Domestic"
"BOGN","Bogen Communications International Inc","Domestic"
"BOH","Bank of Hawaii Corp","Domestic"
"BOID","Bank Of Idaho Holding Co","Domestic"
"BOKF","BOK Financial Corp","Domestic"
"BOLL","Bollinger Industries Inc","Domestic"
"BOMN","Boston Omaha Corp","Domestic"
"BONL","Bonal International Inc","Domestic"
"BONTQ","Bon-Ton Stores Inc","Domestic"
"BONZ","Bonanza Goldfields Corp","Domestic"
"BOOM","DMC Global Inc","Domestic"
"BOOT","Boot Barn Holdings Inc","Domestic"
"BOPO","Biopower Operations Corp","Domestic"
"BORK","Bourque Industries Inc","Domestic"
"BORT","Botetourt Bankshares Inc","Domestic"
"BOTH","Bioethics Ltd","Domestic"
"BOTJ","Bank of the James","Domestic"
"BOTX","Bontex Inc","Domestic"
"BOX","Box Inc","Domestic"
"BOXL","Boxlight Corp","Domestic"
"BOXS","Boxscore Brands Inc","Domestic"
"BOZZ","Bozzuto's Inc","Domestic"
"BPCP","Bishop Capital Corp","Domestic"
"BPFH","Boston Private Financial Holdings Inc","Domestic"
"BPIGF","BPI Energy Holdings Inc","Domestic"
"BPMC","Blueprint Medicines Corp","Domestic"
"BPMI","BPM Inc","Domestic"
"BPMP","Bp Midstream Partners LP","Domestic"
"BPMX","Biopharmx Corp","Domestic"
"BPOL","Blackpoll Fleet International Inc","Domestic"
"BPOP","Popular Inc","Domestic"
"BPRN","Bank Of Princeton","Domestic"
"BPSR","Organicell Regenerative Medicine Inc","Domestic"
"BPT","BP Prudhoe Bay Royalty Trust","Domestic"
"BPTH","Bio Path Holdings Inc","Domestic"
"BPYU","Brookfield Property Reit Inc","Domestic"
"BR","Broadridge Financial Solutions Inc","Domestic"
"BRAV","Bravada International Ltd","Domestic"
"BRBI","Blue River Bancshares Inc","Domestic"
"BRBR","Bellring Brands Inc","Domestic"
"BRBS","Blue Ridge Bankshares Inc","Domestic"
"BRBW","Brunswick Bancorp","Domestic"
"BRC","Brady Corp","Domestic"
"BRCOQ","Beard Co","Domestic"
"BRER","Bresler and Reiner Inc","Domestic"
"BREW","Craft Brew Alliance Inc","Domestic"
"BRFH","Barfresh Food Group Inc","Domestic"
"BRG","Bluerock Residential Growth REIT Inc","Domestic"
"BRGO","Bergio International Inc","Domestic"
"BRID","Bridgford Foods Corp","Domestic"
"BRK/A","Berkshire Hathaway Inc","Domestic"
"BRK/B","Berkshire Hathaway Inc","Domestic"
"BRKL","Brookline Bancorp Inc","Domestic"
"BRKR","Bruker Corp","Domestic"
"BRKS","Brooks Automation Inc","Domestic"
"BRLL","Barrel Energy Inc","Domestic"
"BRMK","Broadmark Realty Capital Inc","Domestic"
"BRMK/WS","Broadmark Realty Capital Inc","Domestic"
"BRN","Barnwell Industries Inc","Domestic"
"BRO","Brown & Brown Inc","Domestic"
"BRP","BRP Group Inc","Domestic"
"BRPHF","Galaxy Digital Holdings Ltd","Domestic"
"BRRE","Blue Ridge Real Estate Co","Domestic"
"BRSE","Broadside Enterprises Inc","Domestic"
"BRSI","Ballistic Recovery Systems Inc","Domestic"
"BRST","Broad Street Realty Inc","Domestic"
"BRT","BRT Apartments Corp","Domestic"
"BRTE","Brightec Inc","Domestic"
"BRTI","Blackridge Technology International Inc","Domestic"
"BRTXQ","BioRestorative Therapies Inc","Domestic"
"BRX","Brixmor Property Group Inc","Domestic"
"BRY","Berry Corporation (Bry)","Domestic"
"BRYN","Excelsior Solutions Corp","Domestic"
"BSBK","Bogota Financial Corp","Domestic"
"BSCA","Bank of Santa Clarita","Domestic"
"BSEG","Big Screen Entertainment Group Inc","Domestic"
"BSEM","Biostem Technologies Inc","Domestic"
"BSET","Bassett Furniture Industries Inc","Domestic"
"BSGM","Biosig Technologies Inc","Domestic"
"BSHF","BioShaft Water Technology Inc","Domestic"
"BSHI","Boss Holdings Inc","Domestic"
"BSIG","Brightsphere Investment Group Inc","Domestic"
"BSM","Black Stone Minerals LP","Domestic"
"BSND","Boston Sand & Gravel Co","Domestic"
"BSPA","Ballston Spa Bancorp Inc","Domestic"
"BSPK","Bespoke Extracts Inc","Domestic"
"BSQR","Bsquare Corp","Domestic"
"BSRC","BioSolar Inc","Domestic"
"BSRR","Sierra Bancorp","Domestic"
"BSSP","Cantech Holding Inc","Domestic"
"BSTC","Biospecifics Technologies Corp","Domestic"
"BSTG","Biostage Inc","Domestic"
"BSTK","Brite-Strike Tactical Illumination Products Inc","Domestic"
"BSVN","Bank7 Corp","Domestic"
"BSX","Boston Scientific Corp","Domestic"
"BTAI","BioXcel Therapeutics Inc","Domestic"
"BTCY","Biotricity Inc","Domestic"
"BTDG","B2digital Inc","Domestic"
"BTGI","Bulova Technologies Group Inc","Domestic"
"BTHE","Boston Therapeutics Inc","Domestic"
"BTN","Ballantyne Strong Inc","Domestic"
"BTSC","Bitcoin Services Inc","Domestic"